<?xml version="1.0" encoding="UTF-8" ?>  
<!DOCTYPE sqlMap PUBLIC "-//ibatis.apache.org//DTD SQL Map 2.0//EN" "http://ibatis.apache.org/dtd/sql-map-2.dtd">
<sqlMap namespace="user">
	<typeAlias alias="TbUser" type="com.platform.base.model.TbUser"/>
 	
 	<!-- 根据用户登陆名称查找用户信息：用户登录时使用 -->
 	<select id="queryUserByName" parameterClass="string" resultClass="TbUser">
 		SELECT 	id, 
		login_name AS loginName, 
		user_name AS userName, 
		user_pwd AS userPwd, 
		pic_url AS picUrl, 
		email , 
		nickname , 
		STATUS AS status, 
		role_id AS roleId, 
		FROM_UNIXTIME(create_time) AS createTime, 
		FROM_UNIXTIME(last_login_time) AS lastLoginTime
		FROM tb_user where login_name=#loginName# LIMIT 1
 	</select>
 	
 	<!-- 根据用户登陆名称查找用户信息：用户登录时使用 -->
 	<select id="queryUserById" parameterClass="int" resultClass="TbUser">
 		SELECT 	id, 
		login_name AS loginName, 
		user_name AS userName, 
		user_pwd AS userPwd, 
		old_pwd AS userOldPwd, 
		pic_url AS picUrl, 
		email , 
		nickname , 
		STATUS AS status, 
		role_id AS roleId, 
		FROM_UNIXTIME(create_time) AS createTime, 
		FROM_UNIXTIME(last_login_time) AS lastLoginTime
		FROM tb_user where id=#id# LIMIT 1
 	</select>
 	
 	<!-- 根据用户登陆名称判断用户是否存在 ：用户注册时校验-->
 	<select id="isUserExist" parameterClass="string" resultClass="int">
 		SELECT count(*)
		FROM tb_user where login_name=#loginName#
 	</select>
 	
 	<!-- 修改 -->
 	<update id="updateUser" parameterClass="TbUser">
 		UPDATE tb_user SET id=#id#
 		<isNotEmpty  prepend="," property="nickname">
	 		  nickname =#nickname#
        </isNotEmpty >
 		<isNotEmpty  prepend="," property="userPwd">
	 		  user_pwd =#userPwd#
        </isNotEmpty >
 		<isNotEmpty  prepend="," property="picUrl">
	 		  pic_url =#picUrl#
        </isNotEmpty >
 		<isNotNull  prepend="," property="status">
	 		  STATUS =#status#
        </isNotNull >
 		<isNotNull  prepend="," property="roleId">
	 		  role_id =#roleId#
        </isNotNull >
 		
 		where id=#id#
 	</update>
 	
 	<!-- 登陆时间修改 -->
 	<update id="updateUserLogintime" parameterClass="TbUser">
 		UPDATE tb_user SET last_login_time=UNIX_TIMESTAMP(#lastLoginTime#) 
 		where id=#id#
 	</update>
 	
 	<!-- 查询用户总记录数 -->
 	<select id="queryUserCount" parameterClass="TbUser" resultClass="int">
 	    SELECT 	count(*) FROM tb_user where 1=1
 	</select>
 	
 	<!-- 分页查询用户信息 -->
 	<select id="queryUserByPage" parameterClass="TbUser" resultClass="TbUser">
 	    SELECT 	id, 
		login_name AS loginName, 
		user_name AS userName, 
		user_pwd AS userPwd, 
		pic_url AS picUrl, 
		email , 
		nickname , 
		STATUS AS status, 
		role_id AS roleId, 
		FROM_UNIXTIME(create_time) AS createTime, 
		FROM_UNIXTIME(last_login_time) AS lastLoginTime
		FROM tb_user 
		where 1=1
		<isNotEmpty prepend=" and " property="userName">
			user_name like '%$userName$%'
		</isNotEmpty>
		LIMIT #rowStart#,#pageSize#
 	</select>
 	
 	<!-- addUser -->
 	<insert id="addUser">
 		INSERT INTO tb_user 
	(login_name, user_name, user_pwd, nickname, pic_url, email, STATUS, role_id, create_time, last_login_time)
	VALUES(#loginName#, #userName#, #userPwd#, #nickname#, #picUrl#, #email#, #status#, #roleId#, UNIX_TIMESTAMP(),UNIX_TIMESTAMP())
 	</insert>
	
</sqlMap> 